Title,Event Name,Category,Institution,Recurrence,Typical Month(s),Typical Week,Typical Day,Trigger,Confidence,Precedent Count,Sector Relevance,Client Relevance,Clash Risk,Coverage Volume,Media Angle,Analyst Action,Verification URL,Last Verified,Source Briefings,Active,Notes
FCA Business Plan,FCA Business Plan,Regulatory,Financial Conduct Authority,Annual,March,Week 2,Variable,Annual publication cycle,High,5,All,All,Often coincides with Spring Statement and Q1 results season,High,National titles lead on regulatory priorities. FT focuses on enforcement themes.,Check fca.org.uk/publications 2 weeks ahead. Prepare regulatory priorities briefing.,https://www.fca.org.uk/publications/corporate-documents/fca-business-plan,May 2026,LBG briefings 2022–2026,Yes,Published every March since 2017. Sets the tone for FCA enforcement priorities for the year.
FCA Dear CEO Letters,FCA Dear CEO Letters,Regulatory,Financial Conduct Authority,Annual,January,Weeks 1-2,Variable,Post-Christmas regulatory reset,Medium,4,All,All,Often coincides with January MPC and early results season,High,FT and trade press lead. Consumer champions pick up on retail banking expectations.,Monitor FCA website from 2 Jan. Prepare sector-specific briefing templates.,https://www.fca.org.uk/publications/correspondence/dear-ceo-letters,May 2026,LBG briefings Jan 2022–2026,Yes,"Typically sector-specific letters to banking, insurance, wealth. Not always all sectors each year."
FCA Regulatory Initiatives Grid,FCA Regulatory Initiatives Grid,Regulatory,Financial Conduct Authority,Annual,December,Week 2,Variable,Year-end regulatory publishing rush,High,4,All,All,Coincides with year-end FCA/PRA publication cluster,Medium,Trade press leads. Less consumer media unless a major initiative is highlighted.,Check fca.org.uk in first week of December. Flag key upcoming initiatives.,https://www.fca.org.uk/publications/corporate-documents/regulatory-initiatives-grid,May 2026,LBG briefings Dec 2022–2025,Yes,Joint publication with PRA. Covers next 2 years of planned regulatory activity.
FCA Annual Report & Accounts,FCA Annual Report & Accounts,Regulatory,Financial Conduct Authority,Annual,July,Week 2-3,Variable,Annual publication cycle,High,4,All,All,Often coincides with Mansion House speech week,Medium,FT and trade press. Coverage focuses on enforcement stats and fines.,Monitor fca.org.uk from July Week 1. Cross-reference with enforcement notices.,https://www.fca.org.uk/publications/corporate-documents/fca-annual-report-accounts,May 2026,LBG briefings Jul 2022–2025,Yes,Includes enforcement action statistics — key for comparing LBG vs sector peers.
PRA Stress Test Results,PRA Stress Test Results,Regulatory,Prudential Regulation Authority,Annual,November/December,Variable,Variable,Post-results season regulatory cycle,Medium,3,Banking · Insurance,LBG · Generic Finance,Often coincides with year-end FCA publication cluster,High,FT front page if any bank fails. National titles focus on consumer impact.,Monitor PRA website from November. Check whether LBG is included in scope.,https://www.bankofengland.co.uk/stress-testing,May 2026,LBG briefings 2022–2025,Yes,Not all banks included every year. LBG typically included in major stress tests.
FCA Consumer Duty Annual Report,FCA Consumer Duty Annual Report,Regulatory,Financial Conduct Authority,Annual,H2,Variable,Variable,Post-implementation review cycle,Low,1,All,All,No established clash pattern yet,Medium,Consumer media and trade press. Focus on outcomes measurement.,Monitor FCA speeches and press releases from July onwards.,https://www.fca.org.uk/consumers/consumer-duty,May 2026,LBG briefings 2024–2026,Yes,Consumer Duty implemented July 2023. Annual review cycle still establishing itself.
FOS Annual Complaints Data,FOS Annual Complaints Data,Regulatory,Financial Ombudsman Service,Annual,April,Week 3,Variable,End of FOS financial year (March),High,4,All,All,Often coincides with Q1 results season,High,National titles lead on worst offenders. FT focuses on institutional response.,Prepare LBG complaints position ahead of publication. Check FOS website from April Week 1.,https://www.financial-ombudsman.org.uk/data-insight/complaints-data,May 2026,LBG briefings Apr 2022–2026,Yes,Lloyds Banking Group typically features prominently due to scale. Motor finance complaints rising.
FOS Ombudsman News,FOS Ombudsman News,Regulatory,Financial Ombudsman Service,Quarterly,January · April · July · October,Week 2,Variable,Quarterly publication cycle,Medium,8,All,All,No established clash pattern,Low,Trade press and consumer media. Lower profile than annual complaints data.,Monitor FOS website at start of each quarter.,https://www.financial-ombudsman.org.uk/publications/ombudsman-news,May 2026,LBG briefings 2022–2026,Yes,Quarterly newsletter format. Contains case studies and thematic reviews.
PRA/FCA Annual Supervision Report,PRA/FCA Annual Supervision Report,Regulatory,PRA / FCA,Annual,Q3,Variable,Variable,Annual publication cycle,Low,2,All,All,No established clash pattern,Low,Trade press only. Low consumer media profile.,Monitor both PRA and FCA websites from July.,https://www.bankofengland.co.uk/prudential-regulation,May 2026,LBG briefings 2022–2025,Yes,Publication timing varies. Lower media profile than standalone regulatory announcements.
ICO Annual Report,ICO Annual Report,Regulatory,Information Commissioner's Office,Annual,July,Week 1-2,Variable,Annual publication cycle,Medium,3,All,All,Often coincides with Mansion House speech week,Low,Trade press and data/tech media. Consumer media only if major enforcement action highlighted.,Monitor ICO website from July. Note enforcement statistics for banking sector.,https://ico.org.uk/about-the-ico/our-information/annual-report/,May 2026,LBG briefings Jul 2022–2025,Yes,Includes data breach enforcement statistics. Growing relevance as financial services digitalise.
ONS CPI Inflation,ONS CPI Inflation,Economic,Office for National Statistics,Monthly,Every month,Week 2-3,Wednesday,Monthly statistical release cycle,Very High,60,All,All,Often coincides with ONS Labour Market. Both typically Week 2.,Very High,Front page across all national titles. FT and BBC lead. LBG comment typically sought.,Verify exact date on ONS release calendar 2 weeks ahead. Pre-position LBG consumer comment.,https://www.ons.gov.uk/economy/inflationandpriceindices,May 2026,LBG briefings Jan–May 2026 (100% of briefings),Yes,Typically Wednesday Week 2 or 3. Occasionally shifted. Check ONS calendar.
ONS Labour Market Statistics,ONS Labour Market Statistics,Economic,Office for National Statistics,Monthly,Every month,Week 2-3,Tuesday,Monthly statistical release cycle,Very High,60,All,All,Often coincides with ONS CPI in same week,Very High,National titles focus on unemployment and wage growth. FT leads on Bank rate implications.,Verify exact date on ONS release calendar. Note wage growth figure for BoE rate commentary.,https://www.ons.gov.uk/employmentandlabourmarket,May 2026,LBG briefings Jan–May 2026 (100% of briefings),Yes,Typically Tuesday Week 2 or 3. Wage growth data particularly significant for MPC.
ONS GDP Monthly Estimate,ONS GDP Monthly Estimate,Economic,Office for National Statistics,Monthly,Every month,Week 2,Wednesday,Monthly statistical release cycle,Very High,60,All,All,No established clash pattern — typically standalone,High,FT and BBC lead on headline growth figure. National titles focus on consumer impact.,Verify date on ONS release calendar. Note growth figure for LBG economic commentary.,https://www.ons.gov.uk/economy/grossdomesticproductgdp,May 2026,LBG briefings Jan–May 2026,Yes,Monthly GDP estimate — separate from quarterly GDP first estimate.
ONS UK House Price Index,ONS UK House Price Index,Economic,Office for National Statistics,Monthly,Every month,Week 4,Wednesday,Monthly statistical release cycle,High,60,Banking · Building Societies,LBG · Generic Finance,Often coincides with Halifax HPI in same 2-week window,High,National titles compare with Halifax HPI. FT focuses on regional trends.,Cross-reference with Halifax HPI timing. Prepare LBG housing market comment.,https://www.ons.gov.uk/economy/inflationandpriceindices/bulletins/housepriceindex,May 2026,LBG briefings Jan–May 2026,Yes,ONS HPI lags 2 months. Halifax HPI is more timely — both typically covered in same week.
ONS Retail Sales,ONS Retail Sales,Economic,Office for National Statistics,Monthly,Every month,Week 3,Friday,Monthly statistical release cycle,Very High,60,All,All,No established clash pattern,High,National titles lead on consumer spending trends. FT focuses on Bank rate implications.,Verify date on ONS release calendar. Note consumer spending trend for LBG comment.,https://www.ons.gov.uk/businessindustryandtrade/retailindustry,May 2026,LBG briefings Jan–May 2026,Yes,Typically third Friday of the month. Occasionally shifted.
Bank of England MPC Decision,Bank of England MPC Decision,Economic,Bank of England,8x per year,Variable,Variable,Thursday,Fixed MPC schedule (announced year ahead),Very High,60,All,All,Often coincides with ONS CPI/Labour Market in same week (~3x per year),Very High,Front page across all national titles. LBG comment always sought on rate decision.,Load full year MPC schedule at start of year. Flag clash weeks with ONS data releases.,https://www.bankofengland.co.uk/monetary-policy/the-interest-rate-bank-rate,May 2026,LBG briefings Jan–May 2026 (86% of briefings),Yes,MPC dates announced a year in advance. Always Thursday noon. Press conference follows.
Bank of England Financial Stability Report,Bank of England Financial Stability Report,Economic,Bank of England,Bi-annual,June · December,Week 2,Variable,Bi-annual stability review cycle,High,8,All,All,December publication coincides with year-end regulatory rush,High,FT leads on systemic risk findings. National titles focus on consumer and housing implications.,Monitor BoE press releases from Week 1. Note any LBG-specific references.,https://www.bankofengland.co.uk/financial-stability-report,May 2026,LBG briefings Jun/Dec 2022–2025,Yes,Accompanies FPC statement. Governor press conference follows publication.
Bank of England Annual Report,Bank of England Annual Report,Economic,Bank of England,Annual,June,Week 3,Variable,Annual publication cycle,High,4,All,All,Often coincides with Mansion House speech period,Medium,FT and trade press. Lower consumer media profile than FSR.,Monitor BoE website from June Week 1.,https://www.bankofengland.co.uk/annual-report,May 2026,LBG briefings Jun 2022–2025,Yes,Published alongside BoE accounts. Lower media profile than FSR or MPC decisions.
OBR Economic and Fiscal Outlook,OBR Economic and Fiscal Outlook,Economic,Office for Budget Responsibility,Bi-annual,March · Autumn,Budget week,Variable,Budget/Autumn Statement cycle,High,6,All,All,Always accompanies Budget or Spring Statement — highest possible clash week,Very High,All national titles lead. Dominates full week of coverage.,Plan full week as high-demand briefing week. Pre-position LBG economic outlook comment.,https://obr.uk/efo/,May 2026,LBG briefings Mar/Oct 2022–2025,Yes,Published simultaneously with Budget speech. Full week dominated by OBR forecasts.
Bank of England Credit Conditions Survey,Bank of England Credit Conditions Survey,Economic,Bank of England,Quarterly,January · April · July · October,Week 2,Variable,Quarterly survey cycle,Medium,16,Banking,LBG · Generic Finance,No established clash pattern,Medium,FT and trade press. Mortgage and lending trends picked up by consumer media.,Monitor BoE website at start of each quarter. Note mortgage availability and demand data.,https://www.bankofengland.co.uk/credit-conditions-survey,May 2026,LBG briefings 2022–2026,Yes,Key indicator for housing market and consumer lending trends. Often cited by Halifax.
Halifax House Price Index,Halifax House Price Index,Industry / Results,Halifax (Lloyds Banking Group),Monthly,Every month,First Friday,Friday,Monthly publication cycle,Very High,60,Banking · Building Societies,LBG · Generic Finance,Often falls within 2 weeks of ONS UK HPI — both covered in housing market round-up,Very High,Front page across national titles. BBC News leads on monthly movement. FT focuses on regional trends.,Verify Halifax IR page 2 weeks ahead. Prepare housing market briefing template. Check for bank holiday delays.,https://www.halifax.co.uk/mortgages/house-price-index/,May 2026,LBG briefings Jan–May 2026 (confirmed 60+ precedents),Yes,"Always first Friday of the month. If first Friday is bank holiday, typically moves to second Friday. Halifax never pre-announces — check IR page."
Lloyds Business Barometer,Lloyds Business Barometer,Industry / Results,Lloyds Banking Group,Monthly,Every month,First Tuesday,Tuesday,Monthly publication cycle,Very High,60,Banking,LBG,No established clash pattern,High,Business media leads. FT covers business confidence trends. Trade press picks up sector detail.,Check Lloyds newsroom from Monday of Week 1. Prepare business confidence briefing note.,https://www.lloydsbankinggroup.com/newsroom.html,May 2026,LBG briefings Jan–May 2026 (confirmed 60+ precedents),Yes,Always first Tuesday of the month. Key forward indicator for business sentiment.
Lloyds Banking Group Quarterly Results,Lloyds Banking Group Quarterly Results,Industry / Results,Lloyds Banking Group,Quarterly,February · April · July · October,Week 4,Variable,Quarterly reporting cycle,Very High,16,Banking,LBG,February: coincides with full results season cluster. October: Q3 results + pre-Budget.,Very High,FT front page. All national titles lead. Charlie Nunn interview typically sought. Motor finance provisions key watchpoint.,"Pre-position briefing template 2 weeks ahead. Flag key watchpoints: NIM, mortgage volumes, motor finance provisions.",https://www.lloydsbankinggroup.com/investors/financial-performance.html,May 2026,LBG briefings Feb/Apr/Jul/Oct 2022–2026,Yes,Full year results in February. Q1/Q3 trading updates in April/October. H1 results in July. Motor finance provision is current key watchpoint (2026).
Barclays Quarterly Results,Barclays Quarterly Results,Industry / Results,Barclays,Quarterly,February · April · July · October,Week 3-4,Variable,Quarterly reporting cycle,High,16,Banking,Generic Finance,Often in same week as NatWest results — peak results season clash,High,FT and national titles. Consumer media focuses on retail banking trends.,Note timing relative to LBG results. Prepare competitive positioning briefing.,https://home.barclays/investor-relations/,May 2026,LBG briefings 2022–2026 (77% mention Barclays),Yes,Barclays appears in 105/137 LBG briefings (77%) — most frequent competitor mention.
HSBC Quarterly Results,HSBC Quarterly Results,Industry / Results,HSBC,Quarterly,February · April · July · October,Week 4,Variable,Quarterly reporting cycle,High,16,Banking,Generic Finance,Often in same week as Lloyds results — peak results season clash,High,FT leads on Asia strategy. National titles focus on UK retail banking.,Note timing relative to LBG results. Flag any UK strategic announcements.,https://www.hsbc.com/investors,May 2026,LBG briefings 2022–2026,Yes,HSBC results often focus on Asia/global strategy. UK retail banking angle for LBG context.
NatWest Quarterly Results,NatWest Quarterly Results,Industry / Results,NatWest Group,Quarterly,February · April · July · October,Week 3-4,Variable,Quarterly reporting cycle,High,16,Banking,Generic Finance,Often in same week as Barclays — peak results season clash,High,FT and national titles. State ownership stake angle generates additional coverage.,Note state ownership stake storyline. Prepare competitive positioning briefing.,https://investors.natwestgroup.com/,May 2026,LBG briefings 2022–2026 (NatWest peak: February 89%),Yes,State ownership stake adds political dimension. February is NatWest peak month (89% of Feb briefings) — results + stake + switching stories.
Nationwide Annual Results,Nationwide Annual Results,Industry / Results,Nationwide Building Society,Annual,May,Week 2,Variable,Annual reporting cycle,High,4,Building Societies,Generic Finance,No established clash pattern,Medium,Trade press and building society sector media. FT covers mortgage market context.,Monitor Nationwide newsroom from May Week 1.,https://www.nationwidegroupmedia.co.uk/,May 2026,LBG briefings May 2022–2025,Yes,Largest building society. Results provide housing market context alongside Halifax HPI.
Aviva Full Year Results,Aviva Full Year Results,Industry / Results,Aviva,Annual,March,Week 2,Variable,Annual reporting cycle,High,4,Insurance,Insurance,Often coincides with FCA Business Plan — both March Week 2,High,FT leads on combined operating ratio. National titles focus on motor insurance pricing.,Monitor Aviva investor relations from February. Note motor insurance pricing commentary.,https://www.aviva.com/investors/,May 2026,LBG briefings Mar 2022–2025,Yes,Aviva results often generate motor insurance pricing commentary — relevant for FCA scrutiny angle.
Legal & General Annual Results,Legal & General Annual Results,Industry / Results,Legal & General,Annual,March,Week 1-2,Variable,Annual reporting cycle,High,4,Insurance,Insurance,Often coincides with Spring Statement — both March,High,FT leads on annuities and bulk purchase annuities. Trade press covers pension angle.,Monitor L&G investor relations from February. Note BPA market commentary.,https://www.legalandgeneralgroup.com/investors/,May 2026,LBG briefings Mar 2022–2025,Yes,L&G results generate pensions and annuities coverage — relevant for wealth management angle.
UK Finance Mortgage Lending Data,UK Finance Mortgage Lending Data,Industry / Results,UK Finance,Monthly,Every month,Week 3,Variable,Monthly data publication cycle,Medium,30,Banking · Building Societies,LBG · Generic Finance,No established clash pattern,Medium,Trade press and mortgage sector media. National titles if numbers significantly above/below trend.,Monitor UK Finance website from Week 2. Cross-reference with Halifax HPI for housing narrative.,https://www.ukfinance.org.uk/data-and-research/data/mortgages,May 2026,LBG briefings 2022–2026,Yes,Key indicator for mortgage market volumes. Context for Halifax HPI commentary.
ABI / FLA Motor Finance Data,ABI / FLA Motor Finance Data,Industry / Results,ABI / Finance & Leasing Association,Quarterly,Variable,Variable,Variable,Quarterly data publication cycle,Low,4,Insurance,Generic Finance,No established clash pattern — timing varies,Medium,Trade press and motor industry media. Elevated to national titles given FCA Supreme Court case.,Monitor FLA website. Particularly relevant given FCA motor finance review (2026).,https://www.fla.org.uk/news-and-research/,May 2026,LBG briefings 2022–2026,Yes,Motor finance in 54/137 LBG briefings (39%) — escalating Jan→Apr 2026. Black Horse (Lloyds) named.
King's Speech,King's Speech,Political,Parliament / HM Government,Annual (not always),May/June,Variable,Variable,New parliamentary session opening,Medium,3,All,All,Often coincides with results season and FCA/PRA publication window,Very High,All national titles lead. Full day of political coverage. Financial services legislation scrutinised.,Pre-brief LBG on any financial services legislation flagged in advance. Monitor HMRC/FCA for related announcements.,https://www.parliament.uk/business/news/2024/november/kings-speech/,May 2026,LBG briefings 2022–2026,Yes,Not guaranteed every year — depends on parliamentary session. Full day event.
UK Budget / Autumn Statement,UK Budget / Autumn Statement,Political,HM Treasury,Annual,October/November,Variable,Wednesday,Annual fiscal event,High,4,All,All,Dominates full week. OBR forecasts published same day. All other events secondary.,Very High,"All national titles lead all week. Full day of TV coverage. Bank levy, stamp duty, ISA changes all scrutinised.",Plan as full week high-demand period. Pre-position LBG economic commentary. Prepare reactive templates for key measures.,https://www.gov.uk/government/collections/autumn-statement,May 2026,LBG briefings Oct/Nov 2022–2025,Yes,Budget date announced ~6 weeks ahead. All other regulatory/results announcements typically deferred.
Spring Statement,Spring Statement,Political,HM Treasury,Annual,March,Week 2-3,Wednesday,Mid-year fiscal update,High,4,All,All,Often coincides with FCA Business Plan — both March. OBR EFO published same day.,High,National titles lead. Lighter coverage than Budget but still dominates the day.,Plan as high-demand day. Pre-position LBG economic commentary. Note OBR forecast update.,https://www.gov.uk/government/collections/spring-statement,May 2026,LBG briefings Mar 2022–2025,Yes,Less significant than Budget but now typically accompanied by OBR EFO update.
Mansion House Speech (Chancellor),Mansion House Speech (Chancellor),Political,Chancellor of the Exchequer,Annual,July,Week 2-3,Thursday,Annual City dinner speech,High,4,Banking · Wealth,LBG · Generic Finance,Coincides with Mansion House (Governor) — both same evening,High,FT front page. National titles cover financial services policy. City dinner context.,Pre-brief on expected themes from Treasury signals. Prepare City/financial services reaction briefing.,https://www.gov.uk/government/collections/mansion-house-speech,May 2026,LBG briefings Jul 2022–2025,Yes,Chancellor and Governor both speak at same Mansion House dinner — dual angle.
Mansion House Speech (Governor),Mansion House Speech (Governor),Political,Bank of England,Annual,July,Week 2-3,Thursday,Annual City dinner speech,High,4,Banking,LBG · Generic Finance,Coincides with Mansion House (Chancellor) — same evening. BoE policy signals scrutinised.,High,FT leads on policy signals. National titles cover rate outlook commentary.,Note any forward guidance language. Cross-reference with most recent MPC decision.,https://www.bankofengland.co.uk/speeches,May 2026,LBG briefings Jul 2022–2025,Yes,Governor speech often contains forward guidance signals — key for mortgage market angle.
Parliamentary Recess Begins,Parliamentary Recess Begins,Political,Parliament,Annual,July,Week 3-4,Variable,Summer recess start,Very High,4,All,All,Political lane goes quiet — challenger bank and consumer stories fill gap,Low,Political media quiet. Consumer and lifestyle financial stories increase. Challenger bank coverage peaks.,Recess dates published at start of parliamentary year. Lower political briefing demand for 6 weeks.,https://www.parliament.uk/business/news/parliamentary-calendar/,May 2026,LBG briefings Jul–Aug 2022–2025,Yes,Typically late July to early September. Political story demand drops significantly.
Parliament Returns — Autumn,Parliament Returns — Autumn,Political,Parliament,Annual,September,Week 1-2,Variable,End of summer recess,Very High,4,All,All,Political lane restarts — regulatory announcements increase from this point,Medium,Political media returns. Pre-Budget speculation increases. Regulatory announcement pace picks up.,Flag return date. Expect increased political and regulatory briefing demand from this point.,https://www.parliament.uk/business/news/parliamentary-calendar/,May 2026,LBG briefings Sep 2022–2025,Yes,Typically first or second week of September. Pre-Budget speculation begins.
Party Conference Season,Party Conference Season,Political,Political Parties,Annual,September/October,3-4 weeks,Variable,Annual party conference cycle,Very High,4,All,All,Regulatory announcements often delayed. Political commentary demand spikes.,High,Political media dominates. Financial services policy announcements made at conferences. Regulatory delays common.,Flag 3-4 week period. Pre-position political/regulatory briefing capacity. Note any financial services policy announcements.,https://www.parliament.uk/,May 2026,LBG briefings Sep/Oct 2022–2025,Yes,Labour: typically late September. Conservative: typically early October. Lib Dem: mid-September.
Treasury Select Committee — FCA Hearing,Treasury Select Committee — FCA Hearing,Political,Treasury Select Committee,Annual,Variable (H1),Variable,Variable,Annual FCA accountability hearing,Medium,3,All,All,No established clash pattern,Medium,FT and trade press lead. National titles if major FCA controversy active.,Monitor TSC website for session dates. Note FCA CEO testimony on current priorities.,https://committees.parliament.uk/committee/158/treasury-committee/,May 2026,LBG briefings 2022–2025,Yes,"Annual appearance of FCA CEO before TSC. Motor finance, Consumer Duty key themes in 2026."
Spending Review,Spending Review,Political,HM Treasury,Irregular,Variable,Variable,Variable,Multi-year spending review cycle,Low,2,All,All,Dominates full week when it occurs — similar to Budget,Very High,All national titles lead. Full day of TV coverage when it occurs.,Monitor HM Treasury for announcement. Plan as full week high-demand period if confirmed.,https://www.gov.uk/government/collections/spending-review,May 2026,LBG briefings 2021–2025,Yes,Not annual — happens every 3-5 years. Last major one 2021. Next expected 2025/2026.
MPC Decision + ONS Data Clash Week,MPC Decision + ONS Data Clash Week,Clash Pattern,Bank of England / ONS,~3x per year,February · May · November,Variable,Variable,MPC calendar alignment with ONS monthly release cycle,Very High,12,All,All,Both MPC decision (Thursday) and ONS CPI/Labour Market (Tue/Wed) in same week,Very High,Full week of economic data coverage. Rate decision dominates Thursday. ONS data sets context Mon-Wed.,Pre-position analyst resource for full week. Prepare templates for both ONS data and rate decision.,,May 2026,LBG briefings 2022–2026 (pattern confirmed ~3x per year),Yes,Highest briefing demand weeks of the year. Double preparation required. MPC dates known year ahead — flag in advance.
Results Season + Regulatory Cluster,Results Season + Regulatory Cluster,Clash Pattern,Multiple,Bi-annual,February · July,Variable,Variable,Results season coincides with FCA/PRA publication cycle,High,8,All,LBG · Generic Finance,Multiple Tier 1 events simultaneously — results + regulatory + economic data,Very High,Full week of complex multi-strand coverage. Analyst resource under pressure.,Plan 2 weeks ahead. Assign dedicated resource to results lane and regulatory lane separately.,,May 2026,LBG briefings Feb/Jul 2022–2026,Yes,February is the most complex clash month — LBG results + major bank results + FCA publications all possible.
Budget Week,Budget Week,Clash Pattern,HM Treasury / OBR,Annual,October/November,Budget week,Wednesday,Annual fiscal event dominates full week,Very High,4,All,All,All other regulatory and results announcements typically deferred. OBR published same day.,Very High,Full week dominated. All national titles. All other briefing lanes secondary.,Plan as dedicated high-demand week. All other tracking secondary. Pre-position economic commentary.,,May 2026,LBG briefings Oct/Nov 2022–2025,Yes,Budget date announced ~6 weeks ahead. Plan resource from announcement date.
Party Conference Season,Party Conference Season,Clash Pattern,Political Parties,Annual,September/October,3-4 weeks,Variable,Annual party conference cycle creates sustained demand,High,4,All,All,Regulatory announcements often delayed. Political commentary demand elevated for 3-4 weeks.,High,Political commentary sustained for 3-4 weeks. Financial services policy announcements cluster at conferences.,Flag 3-4 week period on team calendar. Expect sustained elevated demand.,,May 2026,LBG briefings Sep/Oct 2022–2025,Yes,Overlaps with Parliament return. Political + regulatory dual demand for 2 weeks at start of period.
Parliamentary Recess — Quiet Period,Parliamentary Recess — Quiet Period,Clash Pattern,Parliament,Annual,Late July – Early September,6 weeks,Variable,Summer recess creates content gap,Medium,4,All,All,"Political lane quiet. Challenger bank, consumer, and lifestyle financial stories fill gap.",Low,Lower political coverage. Consumer and challenger bank stories increase in volume.,Anticipate lower political briefing demand. Pre-position consumer and challenger bank content.,,May 2026,LBG briefings Jul–Aug 2022–2025,Yes,Not a high-demand clash — opposite. A quiet period that changes the editorial mix.
Year-End Regulatory Rush,Year-End Regulatory Rush,Clash Pattern,FCA / PRA / ICO,Annual,December,Weeks 1-3,Variable,Regulatory bodies publish before Christmas break,High,4,All,All,FCA Regulatory Initiatives Grid + PRA publications + year-end economic data all cluster,High,Trade press and FT lead on regulatory pipeline. Reduced consumer media as Christmas approaches.,Monitor FCA and PRA websites from December Week 1. Flag all publications before Christmas break.,,May 2026,LBG briefings Dec 2022–2025,Yes,Regulatory publishing rush before Christmas. Often includes forward-looking guidance for following year.
Q1 Results + FCA Business Plan Clash,Q1 Results + FCA Business Plan Clash,Clash Pattern,Multiple,Annual,March/April,Variable,Variable,Q1 results season overlaps with FCA March publication cycle,High,4,All,LBG · Generic Finance,FCA Business Plan (March Week 2) + Spring Statement (March) + Q1 results (April) all in 6-week window,High,Regulatory and results lanes both busy. 6-week sustained elevated demand.,Plan March–April as sustained high-demand period. Assign dedicated regulatory and results resource.,,May 2026,LBG briefings Mar/Apr 2022–2026,Yes,March is the most consistently busy regulatory month. FCA Business Plan + Spring Statement often same week.